scope,multiplier,n,mae,bias
2025_W2_W4,0.5,48,10.079,-3.2902
2025_W2_W4,0.75,48,10.1165,-3.3815
2025_W2_W4,1.0,48,10.1596,-3.4738
2025_W2_W4,1.1,48,10.1935,-3.5102
2025_W2_W4,1.25,48,10.2442,-3.5646
2025_W2_W4,1.4,48,10.3079,-3.62
2025_W2_W4,1.5,48,10.3496,-3.6567
2025_W2_W4,1.75,48,10.4552,-3.7473
2025_W2_W4,2.0,48,10.5788,-3.8392
2026_W2,0.5,16,11.6756,3.2406
2026_W2,0.75,16,11.8244,3.2519
2026_W2,1.0,16,12.01,3.2662
2026_W2,1.1,16,12.1062,3.27
2026_W2,1.25,16,12.2469,3.2781
2026_W2,1.4,16,12.3888,3.285
2026_W2,1.5,16,12.4831,3.2894
2026_W2,1.75,16,12.7219,3.3019
2026_W2,2.0,16,12.9556,3.3144
2026_W3,0.5,16,7.8463,-0.0838
2026_W3,0.75,16,7.7219,-0.2894
2026_W3,1.0,16,7.635,-0.4925
2026_W3,1.1,16,7.6206,-0.5756
2026_W3,1.25,16,7.6619,-0.6981
2026_W3,1.4,16,7.7181,-0.8219
2026_W3,1.5,16,7.7556,-0.9031
2026_W3,1.75,16,7.8519,-1.1056
2026_W3,2.0,16,7.96,-1.3112
2026_W2_W3,0.5,32,9.7609,1.5784
2026_W2_W3,0.75,32,9.7731,1.4812
2026_W2_W3,1.0,32,9.8225,1.3869
2026_W2_W3,1.1,32,9.8634,1.3472
2026_W2_W3,1.25,32,9.9544,1.29
2026_W2_W3,1.4,32,10.0534,1.2316
2026_W2_W3,1.5,32,10.1194,1.1931
2026_W2_W3,1.75,32,10.2869,1.0981
2026_W2_W3,2.0,32,10.4578,1.0016
all_audit_weeks,0.5,80,9.9518,-1.3428
all_audit_weeks,0.75,80,9.9791,-1.4364
all_audit_weeks,1.0,80,10.0248,-1.5295
all_audit_weeks,1.1,80,10.0615,-1.5673
all_audit_weeks,1.25,80,10.1282,-1.6228
all_audit_weeks,1.4,80,10.2061,-1.6794
all_audit_weeks,1.5,80,10.2575,-1.7167
all_audit_weeks,1.75,80,10.3879,-1.8091
all_audit_weeks,2.0,80,10.5304,-1.9029
