season,week,mode,parameter,avg_current_weight,n,mae,bias
2025,2,production,1.0,0.15,16,8.6337,3.155
2025,2,fixed_weight,0.0,0.0,16,8.7044,3.4419
2025,2,fixed_weight,0.05,0.05,16,8.6581,3.3469
2025,2,fixed_weight,0.1,0.1,16,8.6369,3.2519
2025,2,fixed_weight,0.15,0.15,16,8.6337,3.155
2025,2,fixed_weight,0.2,0.2,16,8.6506,3.0619
2025,2,fixed_weight,0.25,0.25,16,8.7319,2.9656
2025,2,fixed_weight,0.3,0.3,16,8.8119,2.8694
2025,2,fixed_weight,0.35,0.35,16,8.8912,2.775
2025,2,fixed_weight,0.4,0.4,16,9.0163,2.6788
2025,2,fixed_weight,0.45,0.45,16,9.165,2.5838
2025,2,fixed_weight,0.5,0.5,16,9.3181,2.4881
2025,2,fixed_weight,0.55,0.55,16,9.4675,2.3937
2025,2,fixed_weight,0.6,0.6,16,9.6337,2.2975
2025,2,multiplier,0.5,0.075,16,8.6412,3.3
2025,2,multiplier,0.75,0.1125,16,8.6375,3.2287
2025,2,multiplier,1.0,0.15,16,8.6337,3.155
2025,2,multiplier,1.1,0.165,16,8.6325,3.1262
2025,2,multiplier,1.25,0.1875,16,8.6331,3.0856
2025,2,multiplier,1.4,0.21,16,8.6694,3.0419
2025,2,multiplier,1.5,0.225,16,8.6925,3.0125
2025,2,multiplier,1.75,0.2625,16,8.7519,2.9419
2025,2,multiplier,2.0,0.3,16,8.8119,2.8694
2025,3,production,1.0,0.3,16,12.0369,-6.0844
2025,3,fixed_weight,0.0,0.0,16,11.8425,-6.0137
2025,3,fixed_weight,0.05,0.05,16,11.8637,-6.0262
2025,3,fixed_weight,0.1,0.1,16,11.8925,-6.0375
2025,3,fixed_weight,0.15,0.15,16,11.9225,-6.05
2025,3,fixed_weight,0.2,0.2,16,11.9544,-6.0606
2025,3,fixed_weight,0.25,0.25,16,11.9875,-6.0738
2025,3,fixed_weight,0.3,0.3,16,12.0369,-6.0844
2025,3,fixed_weight,0.35,0.35,16,12.1194,-6.0944
2025,3,fixed_weight,0.4,0.4,16,12.2025,-6.1063
2025,3,fixed_weight,0.45,0.45,16,12.2863,-6.12
2025,3,fixed_weight,0.5,0.5,16,12.3687,-6.13
2025,3,fixed_weight,0.55,0.55,16,12.4512,-6.1425
2025,3,fixed_weight,0.6,0.6,16,12.5356,-6.1531
2025,3,multiplier,0.5,0.15,16,11.9225,-6.05
2025,3,multiplier,0.75,0.225,16,11.9719,-6.0669
2025,3,multiplier,1.0,0.3,16,12.0369,-6.0844
2025,3,multiplier,1.1,0.33,16,12.0869,-6.0906
2025,3,multiplier,1.25,0.375,16,12.16,-6.1025
2025,3,multiplier,1.4,0.42,16,12.2369,-6.1131
2025,3,multiplier,1.5,0.45,16,12.2863,-6.12
2025,3,multiplier,1.75,0.525,16,12.4119,-6.1356
2025,3,multiplier,2.0,0.6,16,12.5356,-6.1531
2025,4,production,1.0,0.4096,16,9.8081,-7.4919
2025,4,fixed_weight,0.0,0.0,16,9.5419,-6.7494
2025,4,fixed_weight,0.05,0.05,16,9.5744,-6.8381
2025,4,fixed_weight,0.1,0.1,16,9.605,-6.9287
2025,4,fixed_weight,0.15,0.15,16,9.6375,-7.0212
2025,4,fixed_weight,0.2,0.2,16,9.6713,-7.1125
2025,4,fixed_weight,0.25,0.25,16,9.7031,-7.2031
2025,4,fixed_weight,0.3,0.3,16,9.7344,-7.2931
2025,4,fixed_weight,0.35,0.35,16,9.7662,-7.3837
2025,4,fixed_weight,0.4,0.4,16,9.7969,-7.4744
2025,4,fixed_weight,0.45,0.45,16,9.86,-7.565
2025,4,fixed_weight,0.5,0.5,16,9.9238,-7.655
2025,4,fixed_weight,0.55,0.55,16,9.9881,-7.7469
2025,4,fixed_weight,0.6,0.6,16,10.0519,-7.8369
2025,4,multiplier,0.5,0.2048,16,9.6731,-7.1206
2025,4,multiplier,0.75,0.3072,16,9.74,-7.3063
2025,4,multiplier,1.0,0.4096,16,9.8081,-7.4919
2025,4,multiplier,1.1,0.4506,16,9.8613,-7.5663
2025,4,multiplier,1.25,0.512,16,9.9394,-7.6769
2025,4,multiplier,1.4,0.5734,16,10.0175,-7.7888
2025,4,multiplier,1.5,0.6144,16,10.07,-7.8625
2025,4,multiplier,1.75,0.7168,16,10.2019,-8.0481
2025,4,multiplier,2.0,0.8192,16,10.3887,-8.2338
2026,2,production,1.0,0.15,16,12.01,3.2662
2026,2,fixed_weight,0.0,0.0,16,11.43,3.2163
2026,2,fixed_weight,0.05,0.05,16,11.5775,3.2313
2026,2,fixed_weight,0.1,0.1,16,11.775,3.2475
2026,2,fixed_weight,0.15,0.15,16,12.01,3.2662
2026,2,fixed_weight,0.2,0.2,16,12.3256,3.2819
2026,2,fixed_weight,0.25,0.25,16,12.6406,3.2981
2026,2,fixed_weight,0.3,0.3,16,12.9556,3.3144
2026,2,fixed_weight,0.35,0.35,16,13.2725,3.33
2026,2,fixed_weight,0.4,0.4,16,13.5888,3.3475
2026,2,fixed_weight,0.45,0.45,16,13.9037,3.3638
2026,2,fixed_weight,0.5,0.5,16,14.2181,3.3806
2026,2,fixed_weight,0.55,0.55,16,14.5338,3.3975
2026,2,fixed_weight,0.6,0.6,16,14.8513,3.415
2026,2,multiplier,0.5,0.075,16,11.6756,3.2406
2026,2,multiplier,0.75,0.1125,16,11.8244,3.2519
2026,2,multiplier,1.0,0.15,16,12.01,3.2662
2026,2,multiplier,1.1,0.165,16,12.1062,3.27
2026,2,multiplier,1.25,0.1875,16,12.2469,3.2781
2026,2,multiplier,1.4,0.21,16,12.3888,3.285
2026,2,multiplier,1.5,0.225,16,12.4831,3.2894
2026,2,multiplier,1.75,0.2625,16,12.7219,3.3019
2026,2,multiplier,2.0,0.3,16,12.9556,3.3144
2026,3,production,1.0,0.3,16,7.635,-0.4925
2026,3,fixed_weight,0.0,0.0,16,8.2837,0.3225
2026,3,fixed_weight,0.05,0.05,16,8.1319,0.1856
2026,3,fixed_weight,0.1,0.1,16,7.98,0.05
2026,3,fixed_weight,0.15,0.15,16,7.8463,-0.0838
2026,3,fixed_weight,0.2,0.2,16,7.755,-0.2212
2026,3,fixed_weight,0.25,0.25,16,7.6931,-0.3569
2026,3,fixed_weight,0.3,0.3,16,7.635,-0.4925
2026,3,fixed_weight,0.35,0.35,16,7.6306,-0.6294
2026,3,fixed_weight,0.4,0.4,16,7.6931,-0.7656
2026,3,fixed_weight,0.45,0.45,16,7.7556,-0.9031
2026,3,fixed_weight,0.5,0.5,16,7.8169,-1.0394
2026,3,fixed_weight,0.55,0.55,16,7.8875,-1.175
2026,3,fixed_weight,0.6,0.6,16,7.96,-1.3112
2026,3,multiplier,0.5,0.15,16,7.8463,-0.0838
2026,3,multiplier,0.75,0.225,16,7.7219,-0.2894
2026,3,multiplier,1.0,0.3,16,7.635,-0.4925
2026,3,multiplier,1.1,0.33,16,7.6206,-0.5756
2026,3,multiplier,1.25,0.375,16,7.6619,-0.6981
2026,3,multiplier,1.4,0.42,16,7.7181,-0.8219
2026,3,multiplier,1.5,0.45,16,7.7556,-0.9031
2026,3,multiplier,1.75,0.525,16,7.8519,-1.1056
2026,3,multiplier,2.0,0.6,16,7.96,-1.3112
